"Status","Start Time","Stop Time","Duration in ms","Parent Suite","Suite","Sub Suite","Test Class","Test Method","Name","Description"
"passed","Sat May 09 15:21:23 CST 2020","Sat May 09 15:21:23 CST 2020","0","jzwpytest","test_div","TestBreakWork","","","test_div_int_param[10-2-5]",""
"passed","Sat May 09 15:21:23 CST 2020","Sat May 09 15:21:23 CST 2020","0","jzwpytest","test_pytest","TestDemo","","","test_one",""
"passed","Sat May 09 15:21:23 CST 2020","Sat May 09 15:21:23 CST 2020","0","jzwpytest","test_div_1","TestBreakWork","","","test_div_1","
        b>0
        :return:
        "
"passed","Sat May 09 15:21:23 CST 2020","Sat May 09 15:21:23 CST 2020","0","jzwpytest","test_div_1","TestBreakWork","","","test_div_6","
        a<0
        :return:
        "
"failed","Sat May 09 15:21:23 CST 2020","Sat May 09 15:21:23 CST 2020","1","jzwpytest","test_pytest","","","","test_answer",""
"broken","Sat May 09 15:21:23 CST 2020","Sat May 09 15:21:23 CST 2020","1","jzwpytest","test_div","TestBreakWork","","","test_div_exc",""
"failed","Sat May 09 15:21:23 CST 2020","Sat May 09 15:21:23 CST 2020","1","jzwpytest","test_div","TestBreakWork","","","test_div_float",""
"failed","Sat May 09 15:21:23 CST 2020","Sat May 09 15:21:23 CST 2020","0","jzwpytest","test_div","TestBreakWork","","","test_div_int_param[10-5-3]",""
"broken","Sat May 09 15:21:23 CST 2020","Sat May 09 15:21:23 CST 2020","0","jzwpytest","test_div_1","TestBreakWork","","","test_div_2","
        b=0
        :return:
        "
"passed","Sat May 09 15:21:23 CST 2020","Sat May 09 15:21:23 CST 2020","0","jzwpytest","test_pytest","TestDemo","","","test_x",""
"broken","Sat May 09 15:21:23 CST 2020","Sat May 09 15:21:23 CST 2020","0","jzwpytest","test_pytest","TestDemo","","","test_two",""
"passed","Sat May 09 15:21:23 CST 2020","Sat May 09 15:21:23 CST 2020","1","jzwpytest","test_div_1","TestBreakWork","","","test_div_5","
        a=0
        :return:
        "
"passed","Sat May 09 15:21:23 CST 2020","Sat May 09 15:21:23 CST 2020","0","jzwpytest","test_div","TestBreakWork","","","test_div_int",""
"passed","Sat May 09 15:21:23 CST 2020","Sat May 09 15:21:23 CST 2020","0","jzwpytest","test_div","TestBreakWork","","","test_div_int_param[10-5-2]",""
"passed","Sat May 09 15:21:23 CST 2020","Sat May 09 15:21:23 CST 2020","0","jzwpytest","test_div","TestBreakWork","","","test_div_zero",""
"passed","Sat May 09 15:21:23 CST 2020","Sat May 09 15:21:23 CST 2020","0","jzwpytest","test_div","TestBreakWork","","","test_div_fu",""
"passed","Sat May 09 15:21:23 CST 2020","Sat May 09 15:21:23 CST 2020","0","jzwpytest","test_div_1","TestBreakWork","","","test_div_4","
        a>0
        :return:
        "
"passed","Sat May 09 15:21:23 CST 2020","Sat May 09 15:21:23 CST 2020","0","jzwpytest","test_div","TestBreakWork","","","test_div_int_param[10000-1-10000]",""
"passed","Sat May 09 15:21:23 CST 2020","Sat May 09 15:21:23 CST 2020","0","jzwpytest","test_div_1","TestBreakWork","","","test_div_3","
        b<0
        :return:
        "
